Season,HM-NE,CF-NE,FF-NE,HM-SW,CF-SW,FF-SW,HM-NW,CF-NW,FF-NW,HM-SE,CF-SE,FF-SE,HM-C,CF-C,FF-C
Fall,1445727.8,604906.7,368682.2,1433543.5,598044.8,361624.2,1418914.1,583973.2,353414.2,1376457.9,585133.9,349558.4,1377653.0,572226.6,345632.0
Spring,1454434.0833333333,604319.75,363007.3333333333,1432449.3333333333,592811.5,359577.0833333333,1397582.25,583395.8333333334,350505.8333333333,1385642.1666666667,577022.5,345184.0,1365752.25,571200.9166666666,343645.9166666667
Summer,1467427.25,613438.0833333334,364207.6666666667,1435339.4166666667,606996.0,359086.0,1433050.6666666667,593685.1666666666,352201.0833333333,1391461.5,580354.0833333334,349348.4166666667,1375801.6666666667,579461.3333333334,349570.9166666667
Winter,1440247.2727272727,597369.0,357503.63636363635,1424800.6363636365,585255.9090909091,351267.0909090909,1401387.6363636365,579702.2727272727,350413.9090909091,1385344.6363636365,572690.1818181818,344051.45454545453,1355199.8181818181,563123.0,342367.8181818182
